v_dbid,4995,5004,5276,4096,3939,3708,3082,2636,2340,2189,220
96850,,,,,,,,-1,-1,1,X
96897,1,-1,-1,-1,-1,-1,X,-1,-1,-1,-1
28367,,,,,X,X,1,-1,-1,1,1
96736,-1,1,1,1,1,1,1,1,1,X,1
97086,-1,1,X,1,X,X,1,0,X,1,X
96750,-1,1,1,1,1,1,1,1,1,1,1
96992,1,0,-1,-1,-1,-1,X,X,-1,1,1
28246,1,1,X,X,X,X,1,-1,1,1,0
96976,-1,1,1,X,1,1,1,1,1,1,1
96986,-1,1,1,1,1,1,1,1,1,1,1
96954,1,-1,-1,-1,-1,1,-1,-1,-1,-1,-1
28276,1,-1,-1,-1,X,X,1,-1,-1,-1,1
1941,1,-1,0,-1,-1,1,1,-1,-1,1,1
99419,-1,1,-1,0,0,X,-1,X,1,X,-1
97193,1,-1,-1,-1,-1,1,X,X,X,X,1
96702,1,-1,1,-1,-1,1,1,-1,-1,1,1
28422,1,-1,X,-1,-1,1,1,-1,-1,X,1
96808,1,-1,1,X,-1,1,X,-1,-1,0,1
28137,,,,,,,,1,X,1,1
97228,-1,1,1,1,X,1,1,1,1,1,1
97009,-1,1,1,1,1,1,1,1,1,1,1
28132,1,-1,-1,-1,-1,X,1,-1,-1,-1,1
4537,1,-1,-1,-1,X,1,X,X,-1,X,1
23938,-1,1,X,1,X,X,X,X,X,1,X
96862,1,-1,-1,0,-1,1,1,-1,-1,1,1
28161,-1,1,1,1,1,1,1,1,1,1,1
28292,-1,1,-1,1,1,1,1,1,1,1,1
28114,-1,1,1,1,1,1,1,-1,1,1,1
4319,1,-1,X,-1,-1,1,1,-1,-1,X,1
96659,,,,,,,,-1,-1,1,-1
96791,1,-1,-1,-1,X,1,1,-1,-1,-1,1
23819,1,-1,-1,-1,-1,1,1,-1,-1,1,-1
28170,1,-1,-1,X,-1,1,1,-1,-1,1,1
36281,X,X,0,X,X,X,1,0,X,1,1
28619,-1,1,1,1,1,1,1,1,1,1,1
96719,1,-1,-1,-1,-1,1,1,-1,-1,X,1
97293,1,-1,1,1,-1,1,1,-1,-1,1,0
23813,1,-1,1,-1,-1,1,1,-1,-1,1,
96680,-1,1,1,1,1,1,1,1,1,1,1
96757,1,-1,-1,-1,-1,1,1,-1,-1,1,1
96997,1,-1,-1,-1,X,1,X,-1,X,1,1
96979,X,X,X,X,1,X,X,1,1,X,1
21818,1,-1,-1,-1,X,1,1,-1,-1,X,1
5956,1,-1,1,1,-1,1,1,-1,-1,1,1
28497,1,-1,-1,-1,X,-1,-1,X,-1,-1,-1
23866,1,-1,-1,-1,-1,1,1,-1,-1,1,0
96738,-1,1,1,1,1,1,1,1,1,1,1
1037,X,-1,1,-1,X,1,1,-1,-1,0,0
96814,X,X,-1,1,-1,1,1,-1,-1,1,X
28354,1,-1,-1,-1,-1,1,1,-1,-1,-1,0
96955,-1,1,1,1,1,1,1,X,1,1,1
96846,,,,,,,X,X,-1,X,X
107041,1,-1,1,1,-1,1,1,-1,-1,1,
4507,-1,-1,1,-1,1,1,0,-1,0,1,1
28257,1,-1,1,1,-1,1,1,-1,-1,1,1
96732,-1,1,1,1,1,1,1,1,1,1,1
28214,X,X,1,1,1,1,1,1,1,1,1
1985,-1,1,1,1,X,1,1,1,1,X,1
4746,1,-1,-1,-1,-1,1,1,-1,-1,-1,1
97156,X,X,X,1,X,1,1,1,1,1,1
28174,-1,1,1,1,1,1,1,1,1,1,1
96699,-1,1,1,1,1,1,X,1,1,X,1
96922,1,0,-1,X,-1,1,1,-1,1,1,1
38610,1,-1,-1,1,X,1,1,-1,X,X,1
96681,-1,1,1,1,1,1,1,1,1,1,1
39711,-1,1,1,1,X,1,1,1,1,1,1
39722,1,-1,-1,-1,-1,1,1,-1,-1,1,X
21817,X,X,-1,X,X,-1,1,-1,-1,-1,-1
96916,-1,1,X,X,X,X,1,X,1,1,1
96799,1,-1,-1,-1,-1,1,1,-1,-1,X,X
105624,X,X,-1,-1,-1,1,1,-1,-1,1,
96744,-1,1,1,1,1,1,1,1,1,1,0
33570,-1,1,1,1,X,1,1,X,1,1,1
28171,-1,1,1,1,1,1,X,1,1,1,1
4540,1,-1,-1,-1,X,1,1,X,-1,X,1
96662,,,,1,X,X,1,1,1,1,1
28463,,,,,,,1,-1,0,1,1
1263,1,-1,1,-1,-1,X,1,-1,-1,1,1
96749,1,-1,-1,-1,-1,-1,-1,-1,-1,-1,-1
96716,-1,1,1,1,1,1,1,1,1,1,1
38420,,,,1,1,1,1,-1,1,1,1
96798,1,-1,X,-1,X,-1,-1,X,-1,X,-1
4267,-1,1,1,1,1,1,1,X,X,1,1
28269,1,-1,-1,-1,-1,1,X,-1,X,X,1
28324,1,-1,-1,-1,-1,1,1,-1,-1,-1,1
96849,1,-1,1,-1,-1,1,1,X,-1,1,1
4536,1,-1,-1,-1,X,1,1,-1,-1,-1,1
96912,1,-1,-1,-1,-1,0,X,-1,-1,-1,-1
96733,1,-1,-1,-1,-1,1,1,-1,-1,1,1
96711,,,,,,,,1,1,1,X
28311,-1,0,1,1,X,1,1,1,1,1,1
96866,-1,1,1,1,X,1,1,1,X,1,1
96867,1,-1,1,1,-1,1,1,-1,-1,X,1
28122,1,-1,-1,-1,X,X,X,-1,X,X,1
4532,-1,1,1,X,X,1,X,X,1,X,1
28219,1,-1,-1,-1,-1,1,1,-1,-1,0,-1
28148,-1,1,1,1,1,1,1,1,X,1,1
28206,X,-1,1,1,-1,1,1,0,-1,1,1
4337,X,1,1,1,1,1,1,1,1,1,1
28243,X,X,0,-1,-1,1,1,-1,-1,1,0
2097,1,-1,X,-1,-1,1,X,-1,-1,-1,1
96603,-1,1,1,1,1,1,X,1,1,1,1
26851,-1,1,0,1,1,1,1,1,1,1,0
28154,-1,1,1,1,1,1,1,1,1,1,1
24030,1,1,0,-1,-1,-1,0,-1,-1,-1,-1
28493,1,-1,-1,-1,X,-1,-1,-1,-1,-1,-1
1892,1,0,1,1,-1,1,1,-1,-1,1,1
96915,-1,1,1,1,1,1,1,1,1,-1,1
94283,1,0,0,-1,X,-1,0,X,X,X,-1
96775,1,-1,-1,-1,-1,1,1,X,-1,1,1
96674,X,X,X,-1,-1,X,1,-1,X,1,1
96975,-1,1,1,1,1,1,1,1,1,1,X
96987,-1,1,1,1,1,1,X,1,X,1,1
96917,-1,1,1,1,1,1,1,1,X,1,X
96880,-1,1,1,1,X,1,X,1,X,X,1
28238,-1,1,1,1,X,X,1,X,1,X,1
33997,-1,1,1,1,1,1,1,1,1,1,1
96873,1,1,-1,-1,-1,1,1,X,-1,0,0
96886,,,,,,,X,1,1,1,1
2109,-1,1,1,X,X,X,1,X,X,X,1
96856,-1,1,1,1,1,1,1,1,1,1,1
96786,1,-1,-1,X,-1,1,0,-1,-1,-1,-1
28372,1,-1,-1,-1,-1,1,1,X,-1,-1,-1
97125,-1,1,1,1,1,1,1,X,1,1,1
99325,-1,1,1,1,1,1,1,1,1,1,1
96747,1,-1,X,-1,-1,1,1,-1,-1,1,1
97296,1,-1,-1,-1,-1,1,X,-1,-1,1,1
96958,1,-1,-1,-1,-1,-1,-1,X,-1,X,-1
72775,1,-1,-1,-1,-1,1,1,-1,-1,1,1
96973,1,-1,-1,1,-1,1,1,X,-1,X,X
4554,1,1,1,-1,X,1,1,-1,1,1,1
4318,X,X,X,1,X,1,X,X,1,X,1
28397,1,-1,1,-1,X,1,1,-1,X,0,1
95281,-1,1,0,1,1,1,1,1,1,1,X
96887,-1,1,1,1,1,X,1,1,1,1,1
96891,-1,1,1,1,X,1,X,1,1,1,1
96748,-1,1,1,1,1,1,X,1,1,1,0
38398,X,X,X,1,X,1,1,-1,-1,0,1
1746,X,X,-1,1,-1,1,1,X,X,X,-1
1289,,,,,,,,,X,1,1
4347,1,-1,1,0,-1,1,1,-1,-1,1,1
2212,X,X,-1,-1,-1,-1,-1,X,-1,X,X
28228,1,-1,-1,-1,-1,1,1,-1,-1,0,-1
28256,X,X,-1,1,-1,X,X,X,-1,X,X
28390,1,-1,X,1,-1,1,1,-1,-1,X,1
96868,X,X,X,1,X,1,1,1,1,1,1
96914,1,-1,1,1,1,1,1,-1,-1,1,1
96826,1,-1,1,X,-1,1,1,X,-1,1,-1
4556,1,-1,-1,-1,-1,1,1,-1,-1,-1,X
96951,1,-1,-1,X,-1,-1,0,X,-1,-1,-1
96888,-1,1,1,1,1,1,1,1,1,1,1
96692,1,1,1,1,0,1,1,-1,1,1,1
96787,1,-1,-1,-1,-1,1,1,-1,-1,0,1
96717,1,1,1,1,1,1,1,1,1,1,1
4514,-1,1,1,1,1,1,1,-1,1,1,1
96639,X,X,1,1,1,1,1,1,1,X,1
28226,1,-1,X,-1,-1,X,1,-1,-1,0,0
39769,-1,1,1,1,1,1,1,1,1,1,0
96725,-1,1,1,1,1,1,1,1,1,1,1
28127,,,,,,,,,,X,1
25718,-1,1,1,1,1,1,1,1,1,1,1
1419,1,-1,-1,-1,X,1,1,-1,-1,-1,1
96859,-1,1,1,-1,1,1,1,1,1,1,1
96676,-1,1,1,1,1,1,1,1,1,1,1
96852,-1,1,1,1,X,1,1,1,1,1,-1
96842,-1,1,1,1,1,1,1,1,1,1,0
96682,1,-1,-1,-1,-1,1,1,-1,-1,1,1
96811,1,-1,1,-1,1,1,1,-1,-1,0,1
4550,-1,1,1,1,1,1,1,X,1,1,1
23695,1,-1,-1,-1,1,1,1,-1,-1,-1,X
96911,-1,1,1,1,1,1,1,1,1,1,1
23840,X,X,1,1,1,1,1,1,1,1,X
4265,-1,1,1,1,1,1,1,X,1,X,1
96977,1,-1,1,1,-1,1,X,X,-1,0,1
96899,1,-1,1,1,-1,1,1,-1,-1,1,1
28308,-1,1,1,1,X,1,1,1,1,1,1
96706,-1,1,0,1,0,1,0,1,1,1,0
96810,1,-1,-1,-1,-1,1,1,-1,-1,1,1
96729,1,-1,1,X,-1,1,1,-1,X,1,X
28126,1,-1,1,-1,-1,1,1,-1,1,1,1
4385,X,X,1,1,1,1,1,1,1,1,1
96840,X,X,1,1,1,1,1,1,1,1,1
1038,1,-1,1,1,-1,1,1,-1,-1,1,1
96993,1,0,-1,-1,-1,-1,1,-1,-1,-1,-1
96949,1,1,-1,-1,1,1,1,X,-1,-1,1
4553,1,1,-1,-1,-1,1,1,-1,X,-1,0
1993,1,-1,1,-1,-1,1,1,-1,X,0,1
96908,1,-1,1,-1,-1,1,1,-1,X,1,X
2341,1,-1,-1,-1,-1,1,1,-1,-1,1,1
2125,-1,1,1,1,1,1,1,-1,1,1,1
96896,1,-1,1,-1,X,1,1,-1,-1,1,1
28298,-1,1,-1,1,1,1,1,1,X,1,1
1992,,,,,,,,,-1,1,1
96991,-1,1,-1,1,1,1,1,1,1,1,1
58758,1,-1,-1,-1,-1,1,1,-1,-1,0,0
4562,1,-1,X,X,-1,1,1,X,-1,1,
1665,X,X,1,-1,1,1,1,-1,X,X,-1
28193,1,-1,-1,-1,-1,1,1,-1,-1,1,1
28150,1,-1,-1,-1,-1,1,1,X,-1,1,-1
102886,1,-1,-1,-1,-1,1,1,-1,X,1,
96832,-1,1,1,1,X,1,1,1,1,1,1
1913,-1,1,1,1,1,1,1,X,1,1,0
96833,-1,1,1,1,X,1,1,0,1,1,1
96940,0,1,1,1,1,1,1,-1,1,1,1
28377,-1,1,-1,-1,1,1,1,-1,1,1,1
96730,-1,1,1,1,X,1,1,1,X,1,1
28379,1,1,-1,-1,-1,1,-1,-1,1,1,0
96956,1,1,-1,-1,-1,1,1,-1,-1,-1,1
1902,-1,1,X,1,1,1,0,X,0,X,1
28145,1,-1,1,1,1,1,1,-1,-1,1,-1
97004,1,1,1,0,X,1,1,-1,1,X,1
4429,1,-1,-1,-1,-1,1,-1,-1,1,-1,0
840,-1,1,1,1,1,1,1,-1,1,1,1
1164,1,1,-1,-1,-1,-1,-1,-1,-1,-1,-1
28306,-1,1,1,1,X,1,1,1,1,1,X
97137,-1,1,1,1,X,X,1,-1,1,X,X
28220,1,-1,-1,-1,-1,1,1,-1,-1,0,1
96790,1,-1,-1,-1,-1,1,1,X,-1,-1,-1
28123,,,,,X,X,1,1,1,X,1
96953,,,,,,,,1,1,1,1
96745,-1,1,1,1,1,1,1,1,1,1,1
28208,1,1,1,1,1,1,1,-1,X,1,1
96751,-1,-1,-1,-1,-1,-1,-1,-1,-1,-1,-1
34728,-1,1,1,1,1,1,1,1,1,1,1
2247,1,-1,-1,-1,X,1,1,-1,1,1,1
2025,1,-1,-1,-1,-1,1,1,-1,-1,1,1
23785,1,-1,-1,-1,-1,1,1,-1,-1,-1,1
96892,-1,1,1,1,X,1,1,1,1,1,1
96768,-1,1,1,1,1,1,1,1,1,1,1
96952,-1,1,1,1,1,1,1,X,1,1,1
23805,-1,1,1,1,X,1,1,1,1,1,1
103488,-1,1,1,1,X,X,1,1,X,1,
4326,1,-1,-1,X,-1,1,1,-1,-1,X,1
96683,,,,,,,,-1,1,1,1
28477,-1,1,1,1,1,X,1,-1,1,1,1
28275,1,-1,-1,-1,-1,1,1,-1,-1,-1,1
96707,X,X,X,-1,-1,1,1,-1,-1,X,-1
4555,1,-1,-1,-1,-1,1,1,-1,-1,-1,-1
4538,1,-1,-1,-1,-1,1,1,X,-1,-1,1
28116,-1,1,1,1,1,1,1,X,1,1,1
103132,-1,-1,-1,-1,-1,-1,-1,-1,-1,-1,
28321,-1,1,1,1,1,1,1,1,1,1,1
1914,-1,1,1,1,1,1,0,1,1,1,1
96758,-1,1,1,1,1,1,X,1,1,1,1
96851,-1,1,X,X,X,X,1,1,1,X,-1
96752,-1,1,1,1,1,1,1,1,1,1,1
28215,X,X,-1,1,1,1,1,1,1,1,-1
96779,X,-1,-1,X,-1,1,1,-1,X,X,1
28131,-1,1,1,1,1,1,1,X,1,X,1
4516,1,-1,-1,-1,-1,-1,-1,-1,-1,-1,-1
22418,X,X,X,-1,-1,1,1,-1,-1,0,1
96753,1,-1,-1,-1,-1,1,1,-1,-1,-1,1
28117,1,0,1,X,X,1,X,-1,-1,1,0
96872,-1,1,-1,X,X,1,1,-1,X,1,0
96950,-1,1,1,1,1,1,1,1,1,1,1
96881,,,,,,,,,1,X,-1
96780,1,1,-1,-1,X,1,1,-1,X,-1,0
5846,-1,1,1,1,1,1,X,1,1,1,1
5565,1,-1,-1,-1,-1,1,1,-1,-1,1,
2073,-1,1,1,1,X,1,1,1,1,X,1
2338,-1,1,1,1,1,1,1,X,1,X,1
34249,1,1,1,1,X,X,X,-1,1,1,1
96818,1,-1,-1,-1,-1,1,1,-1,-1,1,1
28125,X,X,1,-1,-1,1,1,-1,X,1,1
34235,1,1,1,1,X,X,1,-1,1,1,X
96693,1,1,1,1,1,1,1,0,1,1,X
28266,-1,1,1,1,1,1,1,-1,1,1,1
38605,-1,1,1,X,X,X,1,1,1,1,1
97130,-1,1,1,1,1,1,X,1,1,1,1
105192,-1,1,1,1,1,1,1,1,1,1,
28398,1,-1,1,-1,-1,1,1,X,-1,0,1
96834,,,,,,,1,-1,-1,1,1
96684,-1,1,1,1,X,1,1,1,1,1,1
96740,-1,1,1,1,1,1,1,1,1,1,1
96772,1,-1,-1,-1,-1,1,1,-1,-1,0,-1
96781,1,-1,-1,-1,X,X,1,-1,-1,-1,1
28141,X,X,-1,-1,X,1,1,-1,-1,1,X
28156,-1,1,1,1,X,1,1,1,1,X,1
96782,1,-1,-1,-1,-1,1,1,-1,-1,-1,1
4271,1,-1,-1,-1,X,1,1,-1,-1,1,1
4440,1,1,1,-1,X,1,1,-1,1,1,1
96806,1,-1,1,-1,-1,1,1,-1,-1,X,1
96883,-1,1,1,1,X,X,1,1,1,1,1
28291,1,-1,-1,-1,-1,1,1,-1,-1,1,1
96708,,,,,,,,,X,1,1
96884,1,-1,-1,-1,-1,1,X,X,-1,1,1
23691,1,1,1,X,1,1,1,-1,1,X,1
28280,1,-1,-1,-1,-1,1,1,-1,-1,-1,1
97014,-1,1,1,1,1,1,1,-1,1,1,1
96807,-1,1,0,1,1,1,1,0,1,X,1
96771,1,-1,-1,-1,-1,1,1,-1,-1,-1,1
96934,1,-1,-1,-1,-1,1,1,-1,-1,1,1
33569,1,-1,-1,-1,X,1,1,X,-1,X,0
23792,X,X,1,-1,X,1,1,-1,-1,-1,-1
96837,-1,1,1,1,1,1,1,1,1,1,1
28481,X,X,-1,-1,-1,1,1,X,-1,-1,X
25919,1,-1,-1,-1,-1,1,1,X,-1,X,0
38613,1,1,1,-1,1,1,1,-1,1,1,1
96829,X,X,1,-1,1,X,1,-1,-1,X,-1
96882,1,-1,1,1,-1,1,1,-1,-1,1,1
96734,-1,1,1,1,1,1,1,1,1,1,1
96668,1,-1,1,1,0,1,X,-1,-1,1,1
96737,-1,1,1,1,1,1,1,1,1,1,1
34231,-1,1,1,1,1,1,1,X,1,1,1
1929,1,-1,-1,-1,-1,1,1,-1,-1,1,0
23413,-1,1,1,1,1,1,1,1,1,1,
28244,1,1,-1,-1,X,X,1,X,-1,1,0
96769,-1,1,1,1,1,1,1,1,1,1,-1
96704,1,1,X,-1,X,1,1,-1,-1,-1,1
1852,1,-1,-1,-1,-1,1,1,-1,-1,0,0
28241,1,1,1,-1,1,1,X,X,-1,X,0
28331,1,0,0,-1,-1,1,0,-1,0,1,1
96785,1,-1,,-1,-1,1,X,-1,-1,-1,1
39319,-1,1,1,1,1,1,1,1,X,1,1
4260,1,-1,-1,-1,-1,1,X,-1,X,X,X
97011,1,X,-1,-1,0,1,1,-1,-1,X,0
102887,-1,1,X,-1,X,X,X,X,1,1,
96793,1,-1,-1,-1,X,1,X,-1,-1,X,-1
101954,1,-1,-1,-1,-1,1,1,-1,-1,-1,
23873,0,1,1,1,X,1,1,-1,1,0,1
28247,1,1,-1,-1,-1,1,0,X,-1,X,0
4482,1,-1,-1,-1,0,1,1,X,-1,0,1
1854,-1,1,1,1,1,1,1,1,X,X,1
1935,-1,1,1,1,X,1,1,1,1,1,1
96767,1,-1,-1,-1,-1,1,1,-1,-1,1,1
96651,1,-1,-1,-1,-1,1,1,-1,-1,1,1
96795,X,X,-1,-1,X,-1,X,X,X,X,X
96816,1,-1,-1,-1,-1,1,1,-1,-1,1,1
1204,1,-1,1,-1,-1,1,1,-1,-1,X,1
4531,-1,1,1,1,1,1,1,1,X,1,X
96648,-1,1,1,1,1,1,1,1,1,X,1
1909,-1,1,X,1,X,1,1,0,1,1,1
28399,X,X,1,-1,X,X,X,X,X,0,1
96854,-1,1,1,1,X,1,1,1,1,1,-1
96675,-1,1,1,1,1,1,1,1,1,1,1
96709,1,1,1,-1,0,1,1,-1,1,X,X
105849,1,-1,-1,-1,X,1,1,X,-1,0,
101580,1,-1,-1,-1,-1,1,1,-1,-1,0,
1023,1,1,-1,-1,X,-1,1,X,-1,X,-1
28210,1,1,-1,X,X,-1,-1,X,X,X,-1
4283,,,,,,,,-1,X,-1,0
2224,1,-1,-1,-1,-1,1,1,-1,-1,1,-1
4262,X,X,1,1,X,1,1,1,1,1,1
97076,X,1,1,1,X,1,1,X,X,X,1
1927,1,X,1,1,0,1,1,-1,-1,1,1
96788,1,-1,-1,-1,-1,1,1,-1,-1,-1,1
96728,-1,1,1,1,1,1,1,1,1,1,1
96765,1,-1,1,-1,-1,1,1,-1,X,0,1
4529,-1,1,1,1,1,1,1,-1,1,1,1
96673,-1,1,1,1,1,1,1,1,1,1,1
96823,1,-1,1,-1,X,X,1,-1,-1,1,1
1186,1,-1,-1,-1,-1,1,1,-1,-1,-1,0
97017,-1,1,1,1,1,1,1,1,1,1,1
4541,,,,,,,,,1,X,1
96959,-1,1,1,0,0,1,1,X,X,1,1
23704,1,0,0,-1,-1,1,1,-1,0,1,1
28192,-1,1,1,1,1,1,1,X,1,1,1
96824,1,-1,-1,-1,X,X,1,-1,X,1,1
96904,,,,,,,X,-1,X,X,-1
4560,1,0,0,1,X,X,1,-1,1,0,0
1922,1,-1,-1,-1,-1,1,1,-1,-1,1,1
96685,X,X,X,X,X,X,1,-1,1,X,X
96792,1,-1,-1,-1,-1,1,1,-1,-1,-1,1
4346,-1,1,1,1,1,1,1,1,1,1,1
1403,-1,1,1,1,1,1,1,1,1,1,1
4238,-1,1,1,1,1,1,1,1,1,1,0
28338,-1,1,-1,1,X,1,1,1,X,1,1
4462,X,X,X,-1,X,1,1,-1,-1,1,1
96813,1,-1,X,-1,-1,1,1,-1,-1,1,1
4412,1,-1,-1,-1,-1,1,1,-1,-1,0,1
96820,-1,1,1,1,1,1,1,1,1,1,0
96936,1,-1,1,-1,-1,1,1,-1,X,0,1
95017,1,-1,-1,-1,-1,1,1,-1,-1,1,1
96906,,,,,,,,1,1,1,1
4275,1,-1,-1,-1,-1,1,1,-1,-1,1,1
96817,1,-1,-1,-1,-1,1,1,-1,-1,1,1
96742,1,1,X,1,X,1,-1,X,X,1,-1
1873,,,,,,,,,X,0,1
96652,1,X,1,-1,-1,1,1,-1,-1,0,1
28255,1,1,-1,1,-1,-1,-1,-1,-1,1,-1
39717,,,,-1,1,1,1,-1,1,1,1
2327,-1,1,1,1,1,1,1,1,1,X,1
2173,-1,1,1,1,1,1,1,X,1,X,1
96919,1,1,-1,-1,X,1,1,-1,-1,X,1
28115,1,0,1,1,X,1,X,-1,-1,1,1
96870,1,1,-1,X,-1,1,1,X,1,1,1
4348,-1,1,-1,1,1,1,1,1,1,1,1
96910,X,X,1,1,1,1,1,1,1,1,1
96663,1,1,0,-1,-1,X,1,X,-1,-1,-1
28407,-1,1,1,1,1,1,1,X,X,X,-1
96670,1,1,1,1,X,1,1,-1,1,1,1
96800,1,-1,-1,-1,X,1,1,-1,-1,-1,X
28178,1,-1,-1,-1,-1,1,1,X,-1,0,1
97020,1,1,1,X,1,1,1,1,1,1,1
28400,1,-1,1,-1,-1,1,1,-1,-1,0,1
96999,-1,1,1,X,1,1,1,1,1,X,1
4519,-1,1,1,1,1,1,1,X,1,1,1
96930,X,X,1,1,1,1,1,1,1,1,1
97280,1,0,-1,-1,-1,-1,1,-1,-1,-1,-1
38596,1,-1,-1,-1,-1,1,1,-1,-1,1,1
96695,1,-1,1,-1,-1,1,1,-1,X,1,1
96661,X,X,X,0,X,X,0,X,X,1,X
96760,1,-1,-1,X,-1,1,X,-1,-1,1,1
96701,X,X,-1,1,X,1,1,X,1,1,1
1965,1,-1,1,1,-1,1,1,-1,1,1,
97344,-1,1,1,1,1,1,0,1,1,1,
1073,-1,-1,0,-1,-1,1,1,-1,-1,1,X
28506,X,X,-1,-1,X,-1,X,-1,-1,-1,-1
96848,1,-1,-1,-1,-1,X,1,-1,-1,1,X
96844,-1,1,1,1,1,1,1,1,1,1,1
96653,-1,1,1,1,1,1,1,1,1,X,1
1394,1,1,1,0,1,1,1,-1,1,1,1
96861,1,-1,-1,-1,X,X,1,-1,-1,X,1
1946,1,1,X,1,1,1,X,-1,1,X,1
1318,1,-1,-1,-1,-1,1,1,-1,-1,-1,0
96825,1,1,1,1,-1,1,1,-1,1,0,X
39714,1,-1,-1,-1,-1,1,1,-1,-1,0,1
4289,1,-1,-1,-1,1,1,1,-1,-1,X,0
96794,1,-1,-1,-1,-1,1,1,-1,-1,-1,X
96805,X,X,-1,-1,X,X,-1,X,X,X,-1
96981,1,1,-1,1,-1,-1,-1,-1,-1,1,-1
4328,-1,1,1,1,1,1,1,1,1,1,1
97230,-1,1,1,1,X,1,1,X,1,1,1
28288,X,X,-1,-1,-1,1,1,-1,-1,-1,1
96783,-1,1,1,-1,1,1,1,X,1,X,1
1122,1,1,1,1,-1,1,1,-1,-1,0,X
23705,1,-1,-1,-1,-1,1,1,-1,-1,X,-1
26829,1,1,1,1,1,1,1,-1,1,1,1
33984,1,1,1,1,1,1,1,1,1,1,1
96654,1,0,-1,0,X,1,1,-1,1,1,1
1191,1,-1,-1,-1,-1,1,1,-1,-1,0,X
97025,-1,1,1,1,1,1,1,1,1,1,1
96694,0,1,1,1,1,1,X,X,1,X,1
97007,X,X,1,1,1,1,1,1,1,1,X
97197,1,-1,-1,-1,-1,1,1,X,X,X,1
38602,1,1,1,1,1,1,1,-1,1,1,1
28365,-1,1,1,1,1,1,1,1,1,X,1
97050,-1,1,1,-1,1,1,1,1,X,1,1
96900,1,-1,-1,-1,0,1,1,-1,-1,1,1
28572,X,X,X,X,0,1,1,-1,-1,1,1
96948,-1,1,1,1,1,1,1,1,1,1,1
96902,1,-1,-1,X,-1,1,1,-1,-1,1,1
36392,1,-1,-1,-1,X,1,1,X,-1,X,1
4270,-1,1,1,1,1,1,1,-1,1,1,1
1253,1,-1,-1,-1,-1,1,1,X,-1,1,1
28166,,,,,,,,X,X,1,1
96989,-1,1,1,1,1,1,1,1,1,X,1
23693,1,-1,-1,-1,-1,1,1,-1,-1,1,1
28224,X,X,-1,-1,X,1,1,-1,-1,0,-1
40599,-1,1,1,1,1,1,1,X,-1,1,1
28341,1,-1,-1,-1,-1,1,1,-1,-1,-1,-1
96890,-1,1,1,1,1,1,1,1,1,1,1
2307,1,-1,1,-1,X,1,1,-1,-1,1,
4436,X,X,X,1,X,1,1,1,1,1,1
96715,-1,1,1,1,1,1,1,1,1,X,1
39317,-1,1,1,1,1,X,1,1,1,1,1
96931,1,-1,1,-1,-1,1,1,-1,-1,1,1
96801,1,-1,-1,-1,-1,1,1,X,-1,X,-1
28406,,,,,,,,1,X,1,0
2229,1,-1,1,-1,-1,1,1,-1,-1,1,1
96658,1,-1,-1,-1,X,X,X,-1,-1,X,1
96838,1,-1,-1,-1,-1,1,1,-1,-1,1,1
107386,-1,1,1,1,1,1,1,X,1,1,
28370,-1,1,1,1,X,1,1,X,X,1,1
23782,X,X,-1,X,-1,1,1,-1,-1,X,1
1055,X,X,-1,-1,-1,1,1,X,-1,X,1
96925,-1,1,0,1,X,1,1,1,1,1,1
2278,1,-1,-1,-1,-1,1,1,-1,-1,1,1
4294,1,1,X,X,1,1,1,1,1,1,1
96998,-1,1,1,1,1,1,1,-1,1,1,1
96875,1,1,-1,-1,-1,1,1,-1,-1,0,0
28330,1,0,X,-1,-1,1,1,-1,0,1,1
96686,-1,1,1,1,1,1,X,1,1,1,1
28225,X,X,-1,-1,-1,-1,1,-1,-1,0,-1
28349,X,X,1,1,1,1,1,1,X,X,1
4253,1,1,1,1,1,1,1,-1,X,X,1
96885,1,-1,1,-1,-1,1,1,X,X,1,1
96743,-1,1,1,1,1,1,1,1,X,1,1
97199,1,-1,X,-1,-1,1,1,X,-1,1,1
97022,-1,1,1,1,1,1,1,-1,1,1,1
93624,-1,1,1,1,X,1,1,1,1,1,1
96710,-1,1,1,-1,X,1,1,X,X,0,1
96990,-1,1,-1,1,1,1,1,X,1,1,1
96819,1,-1,-1,-1,-1,1,1,-1,-1,1,1
96664,1,1,1,0,-1,1,1,-1,-1,1,-1
97196,1,-1,-1,-1,-1,-1,1,-1,-1,-1,-1
1183,X,X,1,1,X,1,1,X,0,X,1
23707,X,X,1,1,X,1,1,1,1,X,1
96988,-1,1,1,1,1,1,1,-1,X,1,1
4345,1,-1,1,-1,-1,1,1,-1,-1,1,X
2002,X,-1,1,-1,-1,1,1,-1,-1,X,1
96889,1,-1,-1,-1,-1,1,X,-1,-1,1,1
99416,1,-1,-1,-1,-1,1,1,-1,0,1,1
28404,1,0,X,-1,-1,-1,1,-1,-1,-1,-1
96746,1,-1,-1,-1,-1,1,1,-1,-1,1,1
96815,1,1,1,1,1,1,1,1,1,1,1
4423,1,-1,X,X,-1,1,1,X,-1,1,1
96696,1,-1,-1,-1,-1,1,1,X,-1,1,1
97308,X,X,1,-1,1,1,1,-1,1,1,1
28295,-1,1,-1,1,1,1,1,1,1,1,X
33989,-1,X,X,1,1,1,1,1,1,1,1
39724,X,X,1,-1,-1,1,1,-1,-1,-1,1
37676,1,1,1,1,1,1,1,1,1,1,0
96945,0,1,1,1,1,1,1,-1,1,1,1
37312,-1,1,1,1,1,1,1,1,1,1,1
28135,1,-1,-1,-1,-1,1,1,-1,-1,-1,-1
28139,-1,1,1,1,1,1,1,1,1,1,1
4274,-1,1,1,1,1,1,1,-1,1,1,1
1930,1,-1,-1,-1,X,1,1,-1,-1,0,1
96827,1,-1,-1,-1,-1,1,1,-1,-1,X,1
96646,-1,1,1,1,1,1,1,1,1,1,-1
1933,-1,1,1,1,1,1,1,1,1,1,1
96731,-1,1,1,X,1,1,1,1,1,1,1
28223,1,-1,1,-1,-1,1,1,-1,-1,1,0
96671,,,,,X,X,1,1,1,1,1
96996,X,X,-1,-1,-1,-1,1,-1,-1,-1,-1
96843,1,-1,-1,X,-1,1,1,-1,-1,1,1
28252,1,-1,1,1,-1,1,1,-1,-1,1,0
96718,-1,1,1,1,1,1,1,1,1,1,X
96789,-1,1,-1,-1,1,1,1,-1,1,1,1
96865,,,,,X,1,1,1,1,1,1
33990,-1,1,1,1,X,1,1,1,1,1,1
23787,1,-1,-1,-1,-1,1,X,-1,-1,-1,1
96755,1,-1,-1,-1,-1,1,1,-1,-1,1,1
96836,-1,1,1,1,1,1,1,1,1,1,1
1309,-1,1,1,1,1,1,1,1,1,1,1
96960,1,0,0,-1,-1,-1,0,-1,-1,-1,-1
96932,-1,1,1,1,1,1,1,1,X,1,1
28380,-1,1,1,-1,X,1,1,-1,1,1,1
2081,-1,1,1,1,1,1,1,1,1,1,1
96770,1,-1,-1,-1,-1,1,1,-1,-1,-1,1
97018,1,X,-1,X,1,1,1,-1,1,1,1
28508,-1,1,1,1,1,1,1,X,1,X,1
96655,-1,1,1,1,1,1,X,1,1,1,1
4282,1,-1,1,-1,-1,1,1,-1,-1,-1,0
28299,1,-1,-1,X,X,0,1,-1,-1,0,0
97170,-1,-1,1,1,1,1,1,1,1,1,X
4751,-1,1,1,1,1,1,1,1,1,1,1
96905,-1,-1,-1,-1,-1,-1,-1,-1,-1,-1,-1
97008,-1,X,1,1,1,1,1,1,1,1,1
96831,-1,1,1,1,1,1,1,1,1,1,1
4243,,,,,,,,,,,1
4546,1,-1,-1,-1,-1,1,1,-1,-1,-1,1
4545,-1,1,1,1,1,1,1,1,X,X,1
34254,1,1,-1,-1,X,-1,1,-1,X,-1,1
96863,,,,,,,1,X,-1,0,1
28320,1,-1,-1,-1,-1,-1,1,-1,-1,-1,-1
96860,-1,-1,1,1,1,1,1,0,X,1,1
2037,1,-1,X,-1,X,1,1,X,-1,-1,1
23820,1,-1,1,-1,-1,1,1,-1,-1,1,-1
36396,,,,,X,X,1,1,X,1,1
96678,1,-1,1,1,1,1,1,1,1,-1,1
96920,1,-1,-1,-1,-1,1,1,-1,-1,-1,1
96855,X,X,X,-1,-1,X,1,X,1,X,X
28358,1,-1,-1,-1,-1,1,1,-1,X,-1,-1
23808,-1,1,1,1,1,1,1,1,1,1,0
28316,1,-1,-1,-1,-1,1,1,-1,1,1,1
4521,1,-1,-1,-1,X,1,1,-1,-1,-1,1
29579,-1,1,1,1,X,1,1,1,1,1,1
97136,-1,1,1,1,X,1,1,1,1,1,1
1945,1,-1,-1,-1,X,1,1,0,X,X,1
96821,-1,1,1,1,1,1,1,1,1,X,1
102931,-1,1,X,1,1,1,1,1,1,1,
96847,-1,1,1,1,1,1,1,0,1,1,1
39726,1,-1,-1,-1,-1,1,1,X,-1,1,0
96974,1,-1,-1,-1,-1,1,1,-1,-1,1,1
107385,1,1,-1,-1,-1,0,1,-1,-1,1,
96874,1,1,-1,-1,X,1,0,-1,-1,1,0
25704,X,X,-1,-1,-1,1,1,-1,-1,1,1
96871,1,1,1,X,X,1,1,-1,-1,1,0
28153,-1,1,1,1,X,1,1,1,1,1,1
96776,X,X,-1,-1,X,1,1,-1,-1,X,1
97026,X,X,1,X,X,1,1,X,1,1,X
96713,1,-1,-1,-1,-1,1,1,-1,-1,-1,1
96697,1,-1,-1,-1,-1,1,1,X,-1,-1,0
28584,-1,1,X,0,0,X,-1,-1,X,-1,-1
28240,X,X,1,1,1,1,1,1,1,1,1
96909,,,,,,,,,1,X,0
97203,1,1,1,1,X,1,X,-1,1,1,1
28514,-1,0,-1,1,X,0,1,-1,1,X,0
96773,1,-1,,-1,-1,1,1,-1,-1,X,1
96898,X,X,-1,-1,0,1,1,-1,-1,1,1
96703,-1,1,1,1,1,1,X,1,1,1,1
96660,X,X,-1,X,-1,-1,1,-1,0,1,1
97131,1,1,1,1,1,1,1,0,1,1,1
28221,X,-1,1,-1,X,1,1,-1,-1,1,-1
96835,1,-1,-1,-1,X,X,X,-1,-1,1,X
38601,1,-1,-1,-1,-1,1,1,-1,-1,1,1
96698,,,,,,,X,0,1,1,1
96845,1,-1,1,1,X,X,1,1,1,X,X
28617,1,-1,-1,-1,-1,1,1,-1,-1,X,1
97019,1,1,1,1,X,1,1,-1,1,1,1
96937,1,1,X,-1,X,X,X,-1,1,X,X
96946,X,X,-1,-1,-1,-1,-1,X,,,-1
28165,1,-1,1,X,-1,1,1,-1,-1,0,1
4513,1,-1,-1,-1,-1,1,1,-1,X,-1,1
1956,1,1,-1,-1,X,1,1,-1,X,X,-1
4398,X,X,X,X,1,1,1,0,1,1,1
96918,-1,1,1,1,-1,1,1,1,X,1,1
28177,-1,1,1,1,1,1,1,1,1,X,1
96756,X,X,-1,-1,-1,1,X,-1,-1,X,-1
4308,1,-1,X,-1,-1,1,1,-1,-1,0,1
34232,,,,X,X,1,X,1,1,1,1
28323,1,-1,-1,-1,-1,1,1,-1,-1,-1,-1
5737,X,X,-1,-1,-1,1,1,-1,-1,1,1
96761,1,-1,-1,X,-1,1,1,-1,-1,1,1
96774,1,-1,-1,-1,-1,1,1,X,X,X,1
2155,1,1,1,1,1,1,1,-1,1,1,1
96802,1,-1,X,-1,-1,-1,0,-1,-1,-1,-1
2319,-1,1,X,1,X,1,1,1,1,1,1
39713,1,1,1,X,X,1,1,-1,1,1,X
1907,-1,1,1,X,X,1,1,1,1,1,1
28227,,,,X,X,X,1,-1,-1,1,0
97016,-1,1,1,1,1,1,1,1,1,1,0
28130,X,X,X,X,1,1,1,1,1,X,1
96839,-1,1,1,1,X,X,1,1,1,1,1
2323,1,-1,-1,-1,-1,1,1,-1,X,1,-1
96677,-1,1,1,1,1,1,X,X,1,1,1
96764,1,-1,-1,-1,-1,1,-1,-1,-1,-1,0
39725,1,-1,-1,-1,-1,1,1,X,-1,1,1
23784,1,-1,-1,-1,X,1,X,-1,-1,-1,X
96944,1,-1,X,-1,X,1,1,-1,-1,-1,1
28278,-1,1,1,1,X,1,1,1,1,1,1
96763,1,-1,1,-1,-1,X,1,-1,-1,0,1
96777,1,-1,X,-1,-1,1,1,X,-1,X,1
41007,1,-1,-1,-1,-1,1,1,-1,-1,1,1
96778,1,-1,-1,-1,-1,1,1,-1,-1,-1,1
28615,1,-1,-1,0,-1,1,1,-1,-1,-1,1
96762,1,-1,-1,-1,-1,0,0,-1,X,-1,-1
96784,-1,1,-1,-1,1,1,1,-1,1,1,1
28248,-1,1,1,1,1,1,1,1,1,X,-1
96803,1,-1,-1,-1,-1,-1,0,-1,-1,X,-1
28301,1,-1,-1,-1,-1,1,1,-1,-1,-1,1
28279,-1,1,1,1,X,X,1,1,X,1,1
28511,,,,,,,,X,1,1,0
96735,-1,X,0,X,1,1,1,1,1,1,X
96858,-1,0,0,1,X,1,1,1,1,1,1
96994,1,0,-1,-1,-1,-1,X,-1,-1,-1,0
97198,1,0,-1,-1,-1,-1,1,-1,-1,-1,-1
96809,-1,1,1,X,1,X,1,1,-1,1,1
97133,X,X,1,-1,X,1,1,-1,-1,-1,-1
96878,X,X,X,-1,X,1,1,X,-1,X,1
28424,1,-1,1,-1,-1,1,1,-1,-1,1,1
96705,1,-1,1,X,1,1,1,-1,X,1,1
28120,,,,,X,X,1,-1,-1,1,1
28352,1,-1,-1,-1,-1,1,1,-1,-1,-1,0
96933,1,-1,-1,-1,-1,1,1,-1,-1,1,1
96876,1,-1,0,-1,-1,1,1,-1,-1,-1,0
96901,1,-1,-1,-1,-1,1,1,-1,X,1,1
28313,,,,,,,,,-1,1,1
23746,1,-1,-1,-1,X,X,X,X,-1,-1,1
28112,1,0,1,1,0,1,1,-1,-1,X,1
96754,1,-1,1,1,-1,1,1,-1,-1,1,1
1832,1,-1,1,1,-1,1,1,-1,-1,1,X
23894,1,-1,0,-1,-1,1,1,-1,-1,X,1
1405,-1,1,1,1,1,1,1,X,1,1,1
4544,,,,,,,,,1,X,1
34234,X,X,1,1,1,1,1,-1,1,1,1
96726,-1,1,1,1,1,1,X,1,1,X,1
28409,-1,1,1,1,1,1,1,1,1,1,1
28253,-1,1,1,1,X,1,1,1,1,1,1
28251,X,X,1,1,1,1,1,-1,1,1,1
96656,X,X,1,1,1,1,1,1,1,1,1
5729,-1,1,1,1,1,1,1,1,X,1,1
28310,X,X,1,X,1,1,1,1,1,1,1
35743,-1,1,1,1,1,1,1,1,1,X,1
96857,-1,X,X,1,X,X,1,1,1,1,X
96714,,,,,,,,0,1,X,1
23768,-1,1,-1,-1,1,1,X,-1,1,X,1
23706,-1,0,0,-1,-1,1,1,1,0,1,1
96741,-1,1,1,1,1,1,1,1,1,1,-1
997,1,0,-1,-1,-1,-1,X,-1,-1,-1,0
23788,1,-1,-1,X,-1,1,1,-1,-1,-1,-1
96957,1,-1,-1,-1,X,1,1,-1,-1,X,1
97968,1,-1,X,-1,-1,1,1,-1,-1,1,1
1431,1,-1,-1,-1,0,1,1,-1,-1,1,1
96978,1,-1,1,1,-1,1,X,-1,X,1,1
39721,1,-1,-1,-1,-1,1,1,-1,-1,1,1
23816,X,X,X,X,-1,1,1,-1,-1,1,-1
28393,1,-1,1,-1,X,1,1,X,X,1,1
28297,1,-1,-1,X,-1,X,1,-1,-1,X,1
33775,1,-1,1,-1,-1,1,1,-1,-1,1,1
988,1,-1,-1,-1,X,1,1,-1,-1,1,1
4393,,,,,X,X,1,-1,-1,1,1
28314,1,1,1,-1,X,1,1,-1,1,1,1
37324,1,1,1,-1,-1,1,1,-1,1,1,X
4432,-1,1,1,1,1,1,1,1,1,X,1
96739,-1,1,X,1,1,X,1,1,X,1,1
96812,-1,1,1,1,1,1,1,X,X,1,1
1906,-1,1,1,1,1,1,1,1,0,1,1
28155,-1,X,X,1,X,1,1,X,1,1,1
23868,-1,1,1,1,1,1,1,1,1,1,1
96864,-1,1,1,1,X,X,1,1,X,1,1
1129,-1,1,1,1,1,1,1,1,1,1,1
96907,-1,1,-1,1,0,1,1,1,1,X,1
28182,-1,1,1,1,1,1,1,1,1,1,0
28513,X,X,X,-1,X,-1,-1,X,X,X,X
96796,1,-1,-1,-1,-1,1,1,-1,-1,X,-1
4542,X,X,-1,-1,-1,1,1,X,-1,X,1
1917,1,-1,-1,-1,X,1,1,-1,-1,-1,0
1928,1,-1,-1,-1,X,1,1,-1,-1,-1,1
28124,1,-1,1,-1,-1,1,1,-1,1,1,1
28474,,,,,,,1,-1,-1,1,1
33982,1,-1,1,-1,-1,1,1,-1,-1,1,1
96903,X,X,-1,1,-1,X,X,-1,-1,1,1
4335,-1,1,1,1,1,X,1,X,X,1,1
97229,1,X,1,1,1,1,1,-1,1,1,1
1934,-1,1,1,1,1,1,X,1,1,1,1
28162,,,,,,,,1,X,X,1
22097,-1,1,1,1,X,1,1,1,1,1,1
38595,,,,,,,,1,1,1,1
1407,-1,1,1,X,1,1,1,X,1,1,1
4466,,,,,,,,,1,1,0
28134,,,,,,,,,,,0
4525,1,-1,-1,-1,X,-1,X,X,X,X,-1
23712,1,-1,-1,-1,-1,1,1,-1,-1,-1,1
4246,1,-1,1,1,-1,1,1,-1,-1,1,0
29074,1,-1,-1,-1,X,1,1,X,-1,X,0
28229,1,-1,-1,-1,-1,1,1,-1,-1,X,0
23821,1,-1,-1,-1,-1,1,1,X,X,1,X
28167,X,X,X,-1,-1,1,1,-1,-1,1,1
28362,1,-1,1,-1,-1,1,1,-1,-1,X,1
4342,X,X,-1,-1,-1,1,1,-1,-1,1,1
97058,-1,1,1,1,X,1,1,-1,1,1,1
28242,1,1,1,-1,X,1,1,-1,1,1,0
28233,-1,1,1,1,1,1,1,1,1,1,1
28340,-1,1,1,1,1,1,X,1,1,1,1
96672,-1,1,1,1,1,1,1,1,1,1,1
1911,X,X,X,X,X,X,X,X,1,1,1
2295,X,X,1,1,X,X,1,1,1,1,1
28342,X,X,1,1,X,1,1,1,1,1,1
96650,,,,X,1,1,1,1,1,1,0
118860,-1,1,1,1,,,,,,,
97024,,,,,,,,,,,1
108570,X,X,1,X,1,1,X,1,,,
113959,-1,1,1,1,1,1,1,,,,
113892,-1,1,1,1,1,1,1,,,,
111033,1,-1,X,-1,-1,1,1,-1,,,
96877,,,,,,,,,,,-1
72776,,,,,,,,,,,1
116823,X,X,X,1,1,1,,,,,
1759,,,,,,,,,,,1
97002,,,,,,,,,,,1
113883,1,-1,1,-1,X,1,1,,,,
112014,1,1,1,0,1,X,X,-1,,,
96947,1,-1,1,X,-1,1,1,,,,
118709,1,-1,-1,-1,,,,,,,
113891,X,X,1,1,1,1,1,,,,
118710,-1,1,1,1,,,,,,,
96893,,,,,,,,,,,-1
116816,1,-1,-1,-1,X,X,,,,,
111126,1,-1,-1,-1,-1,1,1,-1,,,
111823,-1,1,1,1,1,1,1,1,,,
113597,-1,1,1,1,1,1,1,,,,
1202,-1,1,0,1,X,X,1,1,,,
112788,1,-1,-1,-1,X,1,1,,,,
97195,,,,,,,,,,,X
111496,1,-1,1,-1,-1,1,1,-1,,,
112071,-1,1,1,1,1,1,1,1,,,
2315,X,1,1,1,1,1,1,,,,
107973,-1,1,1,1,1,X,X,X,X,1,
110984,-1,1,X,1,X,X,1,1,,,
109337,1,1,1,1,-1,1,1,-1,1,1,
97129,,,,,,,,,,,1
118708,1,-1,-1,-1,,,,,,,
117477,-1,1,1,1,X,1,,,,,
107977,X,X,X,1,1,1,1,1,1,1,
118999,-1,1,1,1,,,,,,,
111017,-1,1,X,1,1,1,1,1,,,
39321,-1,1,1,1,1,1,1,1,,,
96983,,,,,,,,,,,1
109649,-1,1,1,1,1,1,0,1,1,X,
96830,,,,,,,,,,,-1
2054,,,,,,,,,,,1
37448,1,1,X,,,,,,,,
28176,,,,,,,,,,,0
96669,,,,,,,,,,,X
119875,1,1,1,,,,,,,,
97078,,,,,,,,,,,1
110365,-1,1,1,1,1,1,1,-1,1,,
96667,,,,,,,,,,,1
28576,,,,,,,,,,,1
23781,,,,,,,,,,,1
4524,,,,,,,,,,,1
37524,-1,1,0,,,,,,,,
111027,1,-1,-1,-1,-1,1,1,-1,,,
39916,1,-1,-1,1,-1,1,1,-1,,,
111011,1,-1,-1,-1,-1,1,1,-1,,,
118859,1,-1,-1,-1,,,,,,,
120478,-1,1,1,,,,,,,,
24942,,,,X,1,1,1,1,,,
118858,X,X,1,1,,,,,,,
114873,-1,1,-1,X,1,1,1,,,,
5537,1,-1,1,-1,-1,1,1,X,,,
111024,X,X,1,1,1,1,1,1,,,
30482,X,X,1,1,1,1,1,1,,,
111019,1,-1,X,X,X,1,X,-1,,,
28583,,,,,,,,,,,
116663,1,-1,-1,-1,-1,1,,,,,
97006,,,,,,,,,,,
118144,1,-1,-1,-1,0,1,,,,,
97010,,,,,,,,,,,
108080,1,-1,-1,-1,-1,1,1,-1,-1,1,
96879,,,,,,,,,,,1
111068,1,-1,-1,-1,-1,1,1,X,,,
112611,1,-1,-1,X,-1,1,1,-1,,,
28133,,,,,,,,,,,-1
111018,X,X,-1,-1,-1,1,X,-1,,,
33991,1,X,1,,,,,,,,
96666,,,,,,,,,,,-1
114840,-1,1,1,1,1,1,1,,,,
97294,,,,,,,,,,,1
113487,-1,1,1,1,1,1,1,,,,
111026,1,-1,-1,-1,1,1,X,-1,,,
96766,,,,,,,,,,,0
112620,-1,1,1,1,X,1,1,X,,,
96727,,,,,,,,,,,1
114279,-1,1,1,1,1,1,1,,,,
114268,1,1,1,1,1,1,1,,,,
110987,1,-1,-1,X,X,1,1,X,,,
115868,1,-1,-1,-1,X,X,,,,,
30475,X,X,X,X,1,1,,,,,
111014,-1,1,1,1,1,1,1,-1,,,
117119,1,1,X,1,1,1,,,,,
108329,1,1,1,1,1,1,1,0,1,1,
113890,-1,1,1,1,X,1,X,,,,
103246,1,-1,-1,-1,-1,-1,-1,-1,-1,-1,
111589,-1,1,0,1,0,1,0,1,,,